CrowdStrike;RSAConference;i0n1c;Shawn365Henry;josephmenn;avtestorg;
meuvestidopreto;shoes4youTweets;EdifierBra;riachuelo;gbztah;GRAACC;
garethheyes;timoreilly;HexKitchen;notch;evilpies;peterjaric;
lcavallaro;corradoleita;codelancer;raistolo;PentesterLab;angelodellaera;
klout;marketingwa;crystallyn;ajeanpiere;dmakogon;World_Wildlife;
google;GoogleLAX;googleart;billmaris;Zagat;jtemple;
Bitcasa;SJSU;umich;djs;yottoy;Cal;
cassiomelo;antoninocencio;juliocesarfort;SENNAmovie;digg_updates;pedro_leite;
richardpbacon;navarrotells;adamuytman;OsborneDrunk;WILTY_TV;leonrestaurants;
noscoworking;carneiro51;bideoubalde;revistasuper;instagram;JC_RS;
jerryjamesstone;jacob_gordon;gumbinator;HahnTastingRoom;SunsetMag;hahnwines;
CDNews;CollectiveSelf;richjensen;SeaGlobalist;MyNeighborLady;judkinscafe;
DohaFilm;GazaMonoLogues;MidtownComics;MansomeTheMovie;MerikTadros;ThorParker;
DocGeeks;pingpongfilm;BobWeide;PhinkTV;APALondon;LCD_SUAPTH;
Diggnation;maubrowncow;digg_updates;grahamhancock;scottharrison;milk;
antoninocencio;BBJNewsroom;janrezab;noscoworking;google;socialbakers;
evdokimovds;a_chaykin;feliam;Xst3nZ;nmonkee;oxdef;
BBJNewsroom;gazelle_CEO;PineStreetInn;erickschonfeld;jessicaalba;WilmingtonPatch;
multitaskgirl;alemdalingerie;OxenteMenina;maribritolima;meuvestidopreto;addictgirls;
DailyBowser;ikbc;carnitos;a_hino;hh_light;KyashiSue;
frohiky;CanoAmarelo;nsnqsaber;nuno_orfao;MyOraSQL;ITTelecomJobs;
LeddHQ;quadroaquadro;LoboBorges;
pedro_leite;multitaskgirl;frohiky;rfdaf;carnitos;
addictgirls;LuaninhaeTony;HallSocial;leadassessoria;_FFBlogs;ElisamaRL;
rfdaf;perolascom;Bitcasa;webfrase;LeddHQ;
HouseofMarleyUK;TODDLAT;TimWestwood;Akon;LennyFANS;laurenlaverne;
daveszt;WBDigitalDist;HPinsider;Lisa_A_makeup;Amy_Jenkins1;SophiaDelPizzo;
sp0rkbomb;nrdfrstk;sirdarckcat;_ming_se;redfivetwo;VeryShortStory;
SENNAmovie;daveszt;HouseofMarleyUK;DohaFilm;richardpbacon;DocGeeks;
carnitos;klout;CDNews;DailyBowser;
maribritolima;rafaeus;Cocozimho;OrlandoDantas;PeaShrek;DivasandTheCity;
digg_updates;teocg;goodbyebuddy;Diggnation;jerryjamesstone;diggapi;
socialbakers;brandchannelhub;radian6;ajenkins;WSJ;MarcellusGodoy;
janrezab;JohnSaydam;socialbakersFR;marcusnelson;smclimburg;jeremywaite;
juliocesarfort;sp0rkbomb;lcavallaro;evdokimovds;garethheyes;CrowdStrike;
perolascom;rcampoy;futirinhas;XTever;porranego;gravz;
diggapi;dajobe;Lethain;twitterapi;digg;digg_updates;
webfrase;brunaacardoso;
teocg;nikestore;digg_updates;NikeSF;Nike;Jumpman23;
