WHATWG;w3cmemes;
Davidburtka;NPHFoodPorn;
eurydicesings;Bucky64;wesalwan;charliesheen;Pebbles905;
corporationwiki;arrington;paulcarr;
dotnetkicks;epicwinhosting;DevDirective;
HaloHalo4008;Phil_Timmermans;johnwhanson;gaborolah;NalaniSarina;ResellRight;
KristeB;airfarewatchdog;TheEllenShow;
LulzSec;JuiceRapNews;pastebin;
AddToAny;micropat;
Alcantarahenriq;ThiiagoSiilva;FelipevMacedo;belaoliveiraah;Lepnascimento;
floutdotme;nakajima;anoopr;
qapps;johnaugust;
Pinboard;instapaper;historious;Delicious;person;AVOS_com;sfearthquakes;
ANNELAMOTT;threadir;SAMLAMOTT;markchildress;MaryLowry1;TomWestonSJ;
ZachSF;StantonWarriors;Krafty_Kuts;eliteforce;space_cowboys;
TheArtInstitute;hootsuite;
Prismatic;jrfinkel;aria42;keussen;w01fe;bradfordcross;
meneame_net;martinvars;gallir;benjami;
macsquiddy;WGPALsoccer;knobchouck;xtine_s;
